name,age
xiaoming,1800.789156112
xiaoming2,1800.789158114
